cust_address_id,street,street(line2),city,state,zip_code,cust_id
1,6649 N Blue Gum St,,Seattle,WA,98122,1
2,4 B Blue Ridge Blvd,,Bellevue,WA,98006,2
3,8 W Cerritos Ave #54,,Seattle,WA,98122,3
4,639 Main St,,Seattle,WA,98122,4
5,34 Center St,,Seattle,WA,98101,5
6,3 Mcauley Dr,,Sammamish,WA,98029,6
7,7 Eads St,,Kirkland,WA,98033,7
8,7 W Jackson Blvd,,Redmond,WA,98052,8
9,5 Boston Ave #88,,Redmond,WA,98052,9
10,228 Runamuck Pl #2808,,Sammamish,WA,98029,10
11,2371 Jerrold Ave,,Sammamish,WA,98029,11
12,37275 St Rt 17m M,,Bellevue,WA,98006,12
13,25 E 75th St #69,,Seattle,WA,98102,13
14,98 Connecticut Ave Nw,,Seattle,WA,98102,14
15,56 E Morehead St,,Seattle,WA,98102,15
16,73 State Road 434 E,,Bellevue,WA,98006,16
17,69734 E Carrillo St,,Redmond,WA,98052,17
18,322 New Horizon Blvd,,Redmond,WA,98052,18
19,1 State Route 27,,Bellevue,WA,98006,19
20,394 Manchester Blvd,,Bellevue,WA,98006,20
21,6 S 33rd St,,Bellevue,WA,98006,21
22,6 Greenleaf Ave,,Bellevue,WA,98006,22
23,618 W Yakima Ave,,Bellevue,WA,98006,23
24,74 S Westgate St,,Seattle,WA,98112,24
25,3273 State St,,Sammamish,WA,98029,25
26,1 Central Ave,,Kirkland,WA,98033,26
27,86 Nw 66th St #8673,,Kirkland,WA,98033,27
28,2 Cedar Ave #84,,Seattle,WA,98122,28
29,90991 Thorburn Ave,,Seattle,WA,98122,29
30,386 9th Ave N,,Seattle,WA,98122,30