service_id,service _type,service_time,street,street(line 2),city,state,zip_code,service_status,manager_id
201,Party,2020-02-14,4 B Blue Ridge Blvd,,Bellevue,WA,98006,completed,3
202,Party,2019-12-25,639 Main St,,Seattle,WA,98122,completed,5
203,Wedding,2019-07-30,5 Boston Ave #88,,Redmond,WA,98052,completed,10
204,Birthaday,2020-04-09,228 Runamuck Pl #2808,,Sammamish,WA,98029,not completed,1
205,Party,2019-12-24,25 E 75th St #69,,Seattle,WA,98102,completed,5
206,Birthaday,2020-03-22,98 Connecticut Ave Nw,,Seattle,WA,98102,not completed,12
207,Party,2020-02-14,56 E Morehead St,,Seattle,WA,98102,completed,14
208,Wedding,2020-02-14,73 State Road 434 E,,Bellevue,WA,98006,completed,15
209,Party,2020-02-14,1 State Route 27,,Bellevue,WA,98006,completed,2
210,Birthaday,2020-05-07,394 Manchester Blvd,,Bellevue,WA,98006,not completed,6
211,Birthaday,2020-04-25,6 Greenleaf Ave,,Bellevue,WA,98006,not completed,7
212,Wedding,2019-04-10,74 S Westgate St,,Seattle,WA,98112,completed,10
213,Party,2020-02-14,86 Nw 66th St #8673,,Kirkland,WA,98033,completed,10
214,Wedding,2020-02-14,2 Cedar Ave #84,,Seattle,WA,98122,completed,11
215,Wedding,2020-03-31,90991 Thorburn Ave,,Seattle,WA,98122,not completed,10
216,Graduation,2020-06-23,386 9th Ave N,,Seattle,WA,98122,not completed,4
217,Delivery,2020-01-01,not applied,,Greater Seattle Area,WA,98000,not applied,19