event_manager_schedule_id,schedule_time,status,event_manager_id
1,2019-03-10,Available,1
2,2020-02-14,Not Available,3
3,2019-08-20,Available,2
4,2019-06-04,Available,4
5,2019-06-26,Available,6
6,2020-02-08,Available,7
7,2019-08-04,Not Available,2
8,2019-11-10,Available,3
9,2019-07-30,Available,5
10,2019-03-15,Not Available,1
11,2019-04-22,Available,6
12,2019-02-25,Not Available,7
13,2019-05-04,Not Available,4
14,2020-02-14,Available,7
15,2020-02-14,Available,8
16,2020-02-14,Available,9
17,2020-02-14,Available,12
18,2020-02-14,Available,13
19,2020-02-14,Available,1
20,2021-02-14,Available,18
21,2021-02-14,Available,2
22,2021-02-14,Available,3
23,2021-02-14,Available,8
24,2021-02-14,Available,9