manager_id,f_name,l_name,phone_number,email,speciality
1,Barbara,Wicks,431-796-2043,bwicks0@issuu.com,Birthday
2,Billy,Crosser,556-908-5296,bcrosser1@columbia.edu,Wedding
3,Morris,Reynalds,337-000-2332,mreynalds2@oaic.gov.au,Wedding
4,Haslett,Sarath,811-146-0326,hsarath3@scientificamerican.com,Graduation
5,Elwin,Belly,438-209-3715,ebelly4@51.la,Party
6,Christie,Seal,881-371-9046,cseal5@uiuc.edu,Birthday
7,Godiva,Cleyburn,904-237-9313,gcleyburn6@cloudflare.com,Birthday
8,Eugene,Perez,308-646-6219,eugene.perez@exxonmobil.com,Party
9,Deborah,Smith,314-731-7135,deborah.smith@yahoo.com,Party
10,Janice,Parker,308-827-9016,janice.parker@yahoo.com,Wedding
11,Rebecca,Stewart,240-513-8668,rebecca.stewart@gmail.com,Wedding
12,Phillip,White,480-946-9780,phillip.white@gmail.com,Birthday
13,Jose,Hill,219-624-3708,jose.hill@hotmail.com,Birthday
14,Harold,Nelson,423-974-2755,harold.nelson@gmail.com,Wedding
15,Nicole,Ward,225-968-5952,nicole.ward@yahoo.com,Wedding
16,Theresa,Murphy,406-961-7340,theresa.murphy@gmail.com,Birthday
17,Tammy,Young,217-856-6752,tammy.young@comcast.net,Birthday
18,Jimmy,Lee,390-288-4902,jlee@gmail.com,Wedding
19,null,null,123-456-789,null@gmail.com,null