﻿payment_id,payment_mtd,name_on_card,card_num,scurity_code,exp_date,password,street,street(line 2),city,state,zip_code,cust_id
10001,Credit,Lois Walker,4.56E+15,789,2023-04,3456,6649 N Blue Gum St,,Seattle,WA,98122,1
10002,Credit,Lois Walker,4.56E+15,789,2023-04,3456,6650 N Blue Gum St,,Seattle,WA,98123,1
10003,Credit,Lois Walker,4.56E+15,789,2023-04,3456,6651 N Blue Gum St,,Seattle,WA,98124,1
10004,Credit,Lois Walker,4.56E+15,789,2023-04,3456,6652 N Blue Gum St,,Seattle,WA,98125,1
10005,Credit,Lois Walker,4.56E+15,789,2023-04,3456,6653 N Blue Gum St,,Seattle,WA,98126,1
10006,Credit,Lois Walker,4.56E+15,789,2023-04,3456,6654 N Blue Gum St,,Seattle,WA,98127,1
10007,Credit,Lois Walker,4.56E+15,789,2023-04,3456,6655 N Blue Gum St,,Seattle,WA,98128,1
10008,Credit,Lois Walker,4.56E+15,789,2023-04,3456,6655 N Blue Gum St,,Seattle,WA,98128,1
10009,Debit,Brenda Robinson,4.44E+15,464,2023-06,4565,4 B Blue Ridge Blvd,,Bellevue,WA,98006,2
10010,Credit,Joe Robinson,4.01E+15,463,2023-07,8976,8 W Cerritos Ave #54,,Seattle,WA,98122,3
10011,Credit,Joe Robinson,4.01E+15,463,2023-07,8976,8 W Cerritos Ave #54,,Seattle,WA,98122,3
10012,Credit,Joe Robinson,4.01E+15,463,2023-07,8976,8 W Cerritos Ave #54,,Seattle,WA,98122,3
10013,Credit,Joe Robinson,4.01E+15,463,2023-07,8976,8 W Cerritos Ave #54,,Seattle,WA,98122,3
10014,Debit,Diane Evans,4.59E+15,342,2023-06,2325,8 W Cerritos Ave #54,,Seattle,WA,98122,4
10015,Credit,Benjanmin Russell,4.52E+15,452,2023-09,5432,639 Main St,,Seattle,WA,98122,5
10016,Credit,Benjanmin Russell,4.52E+15,452,2023-09,5432,34 Center St,,Seattle,WA,98101,5
10017,Debit,Benjanmin Russell,4.52E+15,452,2023-09,5432,34 Center St,,Seattle,WA,98101,5
10018,Debit,Benjanmin Russell,4.52E+15,452,2023-09,5432,34 Center St,,Seattle,WA,98101,5
10019,Credit,Patrick Bailey,4.05E+15,342,2023-03,5467,3 Mcauley Dr,,Sammamish,WA,98029,6
10020,Credit,Patrick Bailey,4.05E+15,342,2023-03,5467,3 Mcauley Dr,,Sammamish,WA,98029,6
10021,Credit,Nancy Baker,4.14E+15,675,2023-01,3543,3 Mcauley Dr,,Sammamish,WA,98029,7
10022,Credit,Nancy Baker,4.14E+15,675,2023-01,3543,7 Eads St,,Kirkland,WA,98033,7
10023,Debit,Nancy Baker,4.14E+15,675,2023-01,3543,7 Eads St,,Kirkland,WA,98033,7
10024,Debit,Carol Murphy,4.51E+15,567,2023-07,3262,7 Eads St,,Kirkland,WA,98033,8
10025,Debit,Carol Murphy,4.51E+15,567,2023-07,3262,7 W Jackson Blvd,,Redmond,WA,98052,8
10026,Credit,Carol Murphy,4.51E+15,567,2023-07,3262,7 W Jackson Blvd,,Redmond,WA,98052,8
10027,Credit,Carol Murphy,4.51E+15,567,2023-07,3262,7 W Jackson Blvd,,Redmond,WA,98052,8
10028,Credit,Frances Young,4.00E+15,634,2023-06,3225,7 W Jackson Blvd,,Redmond,WA,98052,9
10029,Debit,Diana Peterson,4.40E+15,578,2023-09,2345,5 Boston Ave #88,,Redmond,WA,98052,10
10030,Credit,Raph Flores,4.07E+15,204,2023-06,2242,228 Runamuck Pl #2808,,Sammamish,WA,98029,11
10031,Debit,Raph Flores,4.07E+15,204,2023-06,2242,2371 Jerrold Ave,,Sammamish,WA,98029,11
10032,Debit,Jack Alexander,4.56E+15,405,2023-04,2446,2371 Jerrold Ave,,Sammamish,WA,98029,12
10033,Debit,Jack Alexander,4.56E+15,405,2023-04,2446,37275 St Rt 17m M,,Bellevue,WA,98006,12
10034,Credit,Jack Alexander,4.56E+15,405,2023-04,2446,37275 St Rt 17m M,,Bellevue,WA,98006,12
10035,Credit,Melissa King,4.38E+15,456,2023-01,2436,37275 St Rt 17m M,,Bellevue,WA,98006,13
10036,Debit,Wayne Watson,4.81E+15,504,2023-09,2634,25 E 75th St #69,,Seattle,WA,98102,14
10037,Credit,Cheryl Scott,4.16E+15,205,2023-11,4673,98 Connecticut Ave Nw,,Seattle,WA,98102,15
10038,Credit,Paula Diaz,4.55E+15,406,2023-12,2343,56 E Morehead St,,Seattle,WA,98102,16
10039,Credit,Joshua Stewart,4.17E+15,504,2023-01,6364,73 State Road 434 E,,Bellevue,WA,98006,17
10040,Credit,Joshua Stewart,4.17E+15,504,2023-01,3456,69734 E Carrillo St,,Redmond,WA,98052,17
10041,Debit,Joshua Stewart,4.17E+15,504,2023-01,3456,69734 E Carrillo St,,Redmond,WA,98052,17
10042,Debit,Joshua Stewart,4.17E+15,504,2023-01,3456,69734 E Carrillo St,,Redmond,WA,98052,17
10043,Debit,Theresa Lee,4.05E+15,547,2023-07,5363,69734 E Carrillo St,,Redmond,WA,98052,18
10044,Credit,Theresa Lee,4.05E+15,547,2023-07,5363,322 New Horizon Blvd,,Redmond,WA,98052,18
10045,Credit,Theresa Lee,4.05E+15,547,2023-07,5363,322 New Horizon Blvd,,Redmond,WA,98052,18
10046,Debit,Theresa Lee,4.05E+15,547,2023-07,5363,322 New Horizon Blvd,,Redmond,WA,98052,18
10047,Credit,Theresa Lee,4.05E+15,547,2023-07,5363,322 New Horizon Blvd,,Redmond,WA,98052,18
10048,Debit,Julia Scott,4.52E+15,895,2023-12,3452,322 New Horizon Blvd,,Redmond,WA,98052,19
10049,Credit,Thomas Lewis,4.07E+15,194,2023-11,4663,1 State Route 27,,Bellevue,WA,98006,20
10050,Debit,Carol Edwards,4.56E+15,105,2023-03,3245,394 Manchester Blvd,,Bellevue,WA,98006,21
10051,Debit,Carol Edwards,4.56E+15,105,2023-03,3245,6 S 33rd St,,Bellevue,WA,98006,21
10052,Debit,Carol Edwards,4.56E+15,105,2023-03,3245,6 S 33rd St,,Bellevue,WA,98006,21
10053,Credit,Matthew Turner,4.07E+15,204,2023-11,3452,6 S 33rd St,,Bellevue,WA,98006,22
10054,Credit,Joan Stewart,4.17E+15,890,2023-01,8967,6 Greenleaf Ave,,Bellevue,WA,98006,23
10055,Debit,Joan Stewart,4.17E+15,890,2023-01,8967,618 W Yakima Ave,,Bellevue,WA,98006,23
10056,Debit,Joan Stewart,4.17E+15,890,2023-01,8967,618 W Yakima Ave,,Bellevue,WA,98006,23
10057,Credit,Ruby Rogers,4.17E+15,948,2023-11,6453,618 W Yakima Ave,,Bellevue,WA,98006,24
10058,Debit,Carolyn Hayes,4.07E+15,493,2023-04,4562,74 S Westgate St,,Seattle,WA,98112,25
10059,Debit,Carolyn Hayes,4.07E+15,493,2023-04,4562,3273 State St,,Sammamish,WA,98029,25
10060,Credit,Carolyn Hayes,4.07E+15,493,2023-04,4562,3273 State St,,Sammamish,WA,98029,25
10061,Debit,Carolyn Hayes,4.07E+15,493,2023-04,4562,3273 State St,,Sammamish,WA,98029,25
10062,Credit,Anne Russell,4.82E+15,503,2023-10,4623,3273 State St,,Sammamish,WA,98029,26
10063,Debit,Anne Russell,4.82E+15,503,2023-10,4623,1 Central Ave,,Kirkland,WA,98033,26
10064,Credit,Daniel Cooper,4.07E+15,458,2023-01,2536,1 Central Ave,,Kirkland,WA,98033,27
10065,Debit,Roger Roberts,4.55E+15,395,2023-11,6685,2 Cedar Ave #84,,Seattle,WA,98122,28
10066,Credit,Maria Walker,4.56E+15,503,2023-12,3456,90991 Thorburn Ave,,Seattle,WA,98122,29
10067,Debit,Brenda Butler,4.54E+15,650,2023-10,6688,386 9th Ave N,,Seattle,WA,98122,30