product_id,product_name,product_description,category,image_url,sale_price
21,Rose,,Flower,,15.99
22,Poeny,,Flower,,34.99
23,Orchids,,Flower,,42.99
24,Rose Bundle,,Package,,135.99
25,Orchids Bundle,,Package,,150.99
26,Tulips,,Flower,,82.99
27,Buttercup Bundle,,Package,,349.98
28,Birthday Event Flowers (small),,Event,,199.99
29,Birthday Event Flowers (medium),,Event,,399.99
30,Birthday Event Flowers (large),,Event,,699.99
31,Wedding Event Flowers (small),,Event,,1999.99
32,Wedding Event Flowers (medium),,Event,,2799.99
33,Wedding Event Flowers (large),,Event,,3499.99
34,Graduation Event Flowers,,Event,,599.99
35,Party Event Flowers (small),,Event,,499.99
36,Party Event Flowers (medium),,Event,,799.99
37,Party Event Flowers (large),,Event,,1099.99