supplier_review_id,review,score,supplier_id,product_id
1,Horrible experience,3,1001,21
2,Payment in time,3,1002,21
3,Nice to do Business again,6,1003,21
4,Nice to do Business again,5,1004,21
5,Nice to do Business again,4,1005,22
6,Glad to work with your shop,7,1006,22
7,Glad to work with your shop,10,1007,23
8,Payment in time,10,1008,24
9,Nice to do Business again,10,1009,24
10,Payment in time,8,1010,24
11,Payment in time,3,1011,24
12,Payment in time,9,1012,24
13,Payment in time,9,1013,24
14,Payment in time,8,1014,24
15,Nice to do Business again,4,1015,25
16,As Usual,8,1016,26
17,Glad to work with your shop,10,1017,26
18,Glad to work with your shop,10,1018,27
19,Horrible experience,1,1019,27
20,Long term collaboration,9,1020,27
21,Payment in time,5,1001,27
22,Payment in time,4,1002,27
23,Horrible experience,1,1003,28
24,Payment in time,6,1004,28
25,Payment in time,6,1005,28
26,Long term collaboration,9,1006,29
27,As Usual,6,1007,29
28,Long term collaboration,7,1008,30
29,Glad to work with your shop,10,1009,30
30,Long term collaboration,8,1010,31
31,Payment in time,4,1011,31
32,Horrible experience,1,1012,32
33,Glad to work with your shop,10,1013,32
34,Long term collaboration,8,1014,32
35,Payment in time,6,1015,33
36,Payment in time,6,1016,33
37,Payment in time,3,1017,33
38,Horrible experience,2,1018,34
39,Glad to work with your shop,8,1019,34
40,Payment in time,2,1020,35
41,As Usual,8,1001,35
42,Payment in time,2,1002,36
43,Nice to do Business again,7,1003,36
44,As Usual,6,1004,37
45,Payment in time,4,1005,37