supplier_id,supplier_name,supplier_address,supplier_person,phone,email,url,bank_acct,bank_info,license_info
1001,"Ingalls, Donald R Esq",,,,,,,,
1002,"Franklin, Peter L Esq",,,,,,,,
1003,Wtlz Power 107 Fm,,,,,,,,
1004,"Ledecky, David Esq",,,,,,,,
1005,Professional Image Inc,,,,,,,,
1006,"Sider, Donald C Esq",,,,,,,,
1007,U Pull It,,,,,,,,
1008,"Clark, Richard Cpa",,,,,,,,
1009,"Moskowitz, Barry S",,,,,,,,
1010,Cascade Realty Advisors Inc,,,,,,,,
1011,Knwz Newsradio,,,,,,,,
1012,"Giampetro, Anthony D",,,,,,,,
1013,Milford Enterprises Inc,,,,,,,,
1014,"Mosocco, Ronald A",,,,,,,,
1015,Tri State Refueler Co,,,,,,,,
1016,Parkway Company,,,,,,,,
1017,Fbs Business Finance,,,,,,,,
1018,Eder Assocs Consltng Engrs Pc,,,,,,,,
1019,Tri M Tool Inc,,,,,,,,
1020,International Eyelets Inc,,,,,,,,